Height,Weight,Age,Gender,BodyType,Size,Style
170,65,21,Male,Slim,M
180,85,24,Male,Athletic,L
160,50,20,Female,Slim,S
165,70,23,Female,Average,M
175,95,28,Male,Heavy,XL
155,45,19,Female,Slim,S
172,68,22,Male,Average,M
168,72,25,Female,Average,L
182,90,27,Male,Heavy,XL
158,48,20,Female,Slim,S
177,78,24,Male,Athletic,L
162,60,22,Female,Average,M
185,100,30,Male,Heavy,XL
169,64,21,Male,Slim,M
157,52,19,Female,Slim,S

170,65,21,Male,Slim,M,Casual
180,85,24,Male,Athletic,L,Sports
160,50,20,Female,Slim,S,Streetwear
165,70,23,Female,Average,M,Classic
175,95,28,Male,Heavy,XL,Relaxed
155,45,19,Female,Slim,S,Formal
172,68,22,Male,Average,M,Sports
168,72,25,Female,Average,L,Classic
182,90,27,Male,Heavy,XL,Relaxed
158,48,20,Female,Slim,S,Formal
177,78,24,Male,Athletic,L,Sports
162,60,22,Female,Average,M,Streetwear
185,100,30,Male,Heavy,XL,Relaxed
169,64,21,Male,Slim,M,Streetwear
157,52,19,Female,Slim,S,Casual

